{
  "dataset": "B2.csv",
  "n_train": 2400,
  "n_test": 600,
  "baseline": {
    "depth": 2,
    "metrics": {
      "mse_tr": 5.734276294708252,
      "mse_te": 6.197693347930908,
      "mse_sym_tr": 4.028251779849176,
      "mse_sym_te": 4.3735369195640015,
      "r2": -0.41810715198516846,
      "opt_time": 102.6935828300193,
      "depth": 2,
      "formula": "1.29575127660064"
    },
    "formula": "1.29575127660064",
    "opt_time": 102.6935828300193
  },
  "evokan": {
    "library": [
      "0"
    ],
    "depth": 2,
    "metrics": {
      "mse_tr": 5.734276294708252,
      "mse_te": 6.197693347930908,
      "mse_sym_tr": 4.0282907718863115,
      "mse_sym_te": 4.37373318472686,
      "r2": -0.41810715198516846,
      "opt_time": 21.291978213004768,
      "depth": 2,
      "formula": "1.29402620345354"
    },
    "formula": "1.29402620345354",
    "opt_time": 21.291978213004768,
    "ga_time": 24.932312837976497,
    "total_evo_pipeline": 46.224291050981265
  },
  "ga": {
    "generations": 101,
    "best_fitness": 5162.48828125,
    "time_s": 24.932312837976497,
    "mask_size": 1
  }
}