{
  "dataset": "B3.csv",
  "n_train": 2400,
  "n_test": 600,
  "baseline": {
    "depth": 2,
    "metrics": {
      "mse_tr": 21.850830078125,
      "mse_te": 22.536405563354492,
      "mse_sym_tr": 12.138345275464445,
      "mse_sym_te": 12.601483978592551,
      "r2": -5.9553070068359375,
      "opt_time": 116.46950493499753,
      "depth": 2,
      "formula": "-1.33312184363604"
    },
    "formula": "-1.33312184363604",
    "opt_time": 116.46950493499753
  },
  "evokan": {
    "library": [
      "0",
      "x"
    ],
    "depth": 2,
    "metrics": {
      "mse_tr": 21.850830078125,
      "mse_te": 22.536405563354492,
      "mse_sym_tr": 3.280702779833807,
      "mse_sym_te": 3.2490441295020145,
      "r2": -5.9553070068359375,
      "opt_time": 18.967936971981544,
      "depth": 2,
      "formula": "-4.29856730147731"
    },
    "formula": "-4.29856730147731",
    "opt_time": 18.967936971981544,
    "ga_time": 28.051881507009966,
    "total_evo_pipeline": 47.01981847899151
  },
  "ga": {
    "generations": 101,
    "best_fitness": 77192.3125,
    "time_s": 28.051881507009966,
    "mask_size": 2
  }
}