{
  "dataset": "B4.csv",
  "n_train": 2400,
  "n_test": 600,
  "baseline": {
    "depth": 2,
    "metrics": {
      "mse_tr": 8.291974067687988,
      "mse_te": 7.95304536819458,
      "mse_sym_tr": 0.24651350819135406,
      "mse_sym_te": 0.23244008017326062,
      "r2": -34.325218200683594,
      "opt_time": 110.5143464540015,
      "depth": 2,
      "formula": "2.86536412686110"
    },
    "formula": "2.86536412686110",
    "opt_time": 110.5143464540015
  },
  "evokan": {
    "library": [
      "0",
      "x"
    ],
    "depth": 2,
    "metrics": {
      "mse_tr": 8.291974067687988,
      "mse_te": 7.95304536819458,
      "mse_sym_tr": 6.070728078484554,
      "mse_sym_te": 5.779765004595121,
      "r2": -34.325218200683594,
      "opt_time": 14.550539404997835,
      "depth": 2,
      "formula": "0.423085608868860"
    },
    "formula": "0.423085608868860",
    "opt_time": 14.550539404997835,
    "ga_time": 26.340747203008505,
    "total_evo_pipeline": 40.89128660800634
  },
  "ga": {
    "generations": 101,
    "best_fitness": 88857.8125,
    "time_s": 26.340747203008505,
    "mask_size": 2
  }
}