{
  "dataset": "B5.csv",
  "n_train": 2400,
  "n_test": 600,
  "baseline": {
    "depth": 2,
    "metrics": {
      "mse_tr": 1539112828928.0,
      "mse_te": 1505232158720.0,
      "mse_sym_tr": 242148176687.42126,
      "mse_sym_te": 245975064939.7321,
      "r2": -5.122504234313965,
      "opt_time": 60.70258704898879,
      "depth": 2,
      "formula": "1133298.19755673"
    },
    "formula": "1133298.19755673",
    "opt_time": 60.70258704898879
  },
  "evokan": {
    "library": [
      "0",
      "x^2",
      "sgn"
    ],
    "depth": 2,
    "metrics": {
      "mse_tr": 1539112828928.0,
      "mse_te": 1505232158720.0,
      "mse_sym_tr": 242117282255.8377,
      "mse_sym_te": 246126323859.74426,
      "r2": -5.122504234313965,
      "opt_time": 15.634292670001741,
      "depth": 2,
      "formula": "1138772.79738848"
    },
    "formula": "1138772.79738848",
    "opt_time": 15.634292670001741,
    "ga_time": 21.26523952599382,
    "total_evo_pipeline": 36.89953219599556
  },
  "ga": {
    "generations": 101,
    "best_fitness": 1501032.875,
    "time_s": 21.26523952599382,
    "mask_size": 3
  }
}