{
  "dataset": "I_12_5.csv",
  "n_train": 2400,
  "n_test": 600,
  "baseline": {
    "depth": 2,
    "metrics": {
      "mse_tr": 109.24441528320312,
      "mse_te": 102.85478210449219,
      "mse_sym_tr": 36.93105454877202,
      "mse_sym_te": 35.00298593834443,
      "r2": -2.9494400024414062,
      "opt_time": 96.80780735099688,
      "depth": 2,
      "formula": "5.77089595794678"
    },
    "formula": "5.77089595794678",
    "opt_time": 96.80780735099688
  },
  "evokan": {
    "library": [
      "0",
      "x"
    ],
    "depth": 2,
    "metrics": {
      "mse_tr": 109.24441528320312,
      "mse_te": 102.85478210449219,
      "mse_sym_tr": 25.50784920516138,
      "mse_sym_te": 26.210629002059765,
      "r2": -2.9494400024414062,
      "opt_time": 15.531300179020036,
      "depth": 2,
      "formula": "9.17381641268730"
    },
    "formula": "9.17381641268730",
    "opt_time": 15.531300179020036,
    "ga_time": 17.175148493988672,
    "total_evo_pipeline": 32.70644867300871
  },
  "ga": {
    "generations": 101,
    "best_fitness": 257577.234375,
    "time_s": 17.175148493988672,
    "mask_size": 2
  }
}