{
  "dataset": "I_12_1.csv",
  "n_train": 2400,
  "n_test": 600,
  "baseline": {
    "depth": 2,
    "metrics": {
      "mse_tr": 102.70843505859375,
      "mse_te": 99.6323013305664,
      "mse_sym_tr": 24.660791769261657,
      "mse_sym_te": 23.48846154059062,
      "r2": -3.244171619415283,
      "opt_time": 101.23144082698855,
      "depth": 2,
      "formula": "8.84245629608631"
    },
    "formula": "8.84245629608631",
    "opt_time": 101.23144082698855
  },
  "evokan": {
    "library": [
      "exp",
      "sgn"
    ],
    "depth": 2,
    "metrics": {
      "mse_tr": 102.70843505859375,
      "mse_te": 99.6323013305664,
      "mse_sym_tr": 2.1954623649602468e+49,
      "mse_sym_te": 2.180289626639924e+49,
      "r2": -3.244171619415283,
      "opt_time": 14.427706525981193,
      "depth": 2,
      "formula": "-1.12859782980046e+166*exp(0.553472763014716*exp(1.71371473290907*exp(-0.159280031919479*x_2) + 2.48862736330129*exp(-1.98423981666565*x_1)) - 396.101798655457*exp(0.00276892565083613*exp(0.0834399461746216*x_2) - 0.030917165423785*exp(-0.0882400795817375*x_1))) - 9.59678716127561e+24*exp(-0.00749938774515246*exp(4.8737939406525*exp(-0.159280031919479*x_2) + 7.0776405961163*exp(-1.98423981666565*x_1)) - 54.6522420382564*exp(-0.0264583781443985*exp(0.0834399461746216*x_2) + 0.295427959103347*exp(-0.0882400795817375*x_1))) + 9.79243447259068"
    },
    "formula": "-1.12859782980046e+166*exp(0.553472763014716*exp(1.71371473290907*exp(-0.159280031919479*x_2) + 2.48862736330129*exp(-1.98423981666565*x_1)) - 396.101798655457*exp(0.00276892565083613*exp(0.0834399461746216*x_2) - 0.030917165423785*exp(-0.0882400795817375*x_1))) - 9.59678716127561e+24*exp(-0.00749938774515246*exp(4.8737939406525*exp(-0.159280031919479*x_2) + 7.0776405961163*exp(-1.98423981666565*x_1)) - 54.6522420382564*exp(-0.0264583781443985*exp(0.0834399461746216*x_2) + 0.295427959103347*exp(-0.0882400795817375*x_1))) + 9.79243447259068",
    "opt_time": 14.427706525981193,
    "ga_time": 15.762725420994684,
    "total_evo_pipeline": 30.190431946975878
  },
  "ga": {
    "generations": 101,
    "best_fitness": 379452.53125,
    "time_s": 15.762725420994684,
    "mask_size": 2
  }
}