{
  "dataset": "I_8_14.csv",
  "n_train": 2400,
  "n_test": 600,
  "baseline": {
    "depth": 2,
    "metrics": {
      "mse_tr": 5.294647216796875,
      "mse_te": 5.319560527801514,
      "mse_sym_tr": 0.9341033801570549,
      "mse_sym_te": 0.8894698580317265,
      "r2": -5.011600494384766,
      "opt_time": 112.0329883589875,
      "depth": 2,
      "formula": "2.03813880681992"
    },
    "formula": "2.03813880681992",
    "opt_time": 112.0329883589875
  },
  "evokan": {
    "library": [
      "0"
    ],
    "depth": 2,
    "metrics": {
      "mse_tr": 5.294647216796875,
      "mse_te": 5.319560527801514,
      "mse_sym_tr": 2.0024276134255814,
      "mse_sym_te": 1.9913768031071546,
      "r2": -5.011600494384766,
      "opt_time": 13.860739814990666,
      "depth": 2,
      "formula": "1.05396729707718"
    },
    "formula": "1.05396729707718",
    "opt_time": 13.860739814990666,
    "ga_time": 25.723168138996698,
    "total_evo_pipeline": 39.583907953987364
  },
  "ga": {
    "generations": 101,
    "best_fitness": 0.0,
    "time_s": 25.723168138996698,
    "mask_size": 1
  }
}