{
  "dataset": "B4.csv",
  "n_train": 2400,
  "n_test": 600,
  "baseline": {
    "depth": 2,
    "metrics": {
      "mse_tr": 8.291974067687988,
      "mse_te": 7.95304536819458,
      "mse_sym_tr": 0.41024108310705565,
      "mse_sym_te": 0.4388967352480785,
      "r2": -34.325218200683594,
      "opt_time": 112.0614032499725,
      "depth": 2,
      "formula": "3.24225187301636"
    },
    "formula": "3.24225187301636",
    "opt_time": 112.0614032499725
  },
  "evokan": {
    "library": [
      "0",
      "cos",
      "arcsin"
    ],
    "depth": 2,
    "metrics": {
      "mse_tr": 8.291974067687988,
      "mse_te": 7.95304536819458,
      "mse_sym_tr": 13982840.643885452,
      "mse_sym_te": 13983264.57126675,
      "r2": -34.325218200683594,
      "opt_time": 20.864477895986056,
      "depth": 2,
      "formula": "3742.20023345947"
    },
    "formula": "3742.20023345947",
    "opt_time": 20.864477895986056,
    "ga_time": 23.26258065798902,
    "total_evo_pipeline": 44.127058553975075
  },
  "ga": {
    "generations": 101,
    "best_fitness": 195016.3125,
    "time_s": 23.26258065798902,
    "mask_size": 3
  }
}