{
  "dataset": "B5.csv",
  "n_train": 2400,
  "n_test": 600,
  "baseline": {
    "depth": 2,
    "metrics": {
      "mse_tr": 1539112828928.0,
      "mse_te": 1505232158720.0,
      "mse_sym_tr": 242126383033.33762,
      "mse_sym_te": 246238643868.06104,
      "r2": -5.122504234313965,
      "opt_time": 54.718331697018584,
      "depth": 2,
      "formula": "1141875.04051887"
    },
    "formula": "1141875.04051887",
    "opt_time": 54.718331697018584
  },
  "evokan": {
    "library": [
      "x^2",
      "arcsin",
      "arctanh"
    ],
    "depth": 2,
    "metrics": {
      "mse_tr": 1539112828928.0,
      "mse_te": 1505232158720.0,
      "mse_sym_tr": 1.3416526465002132e+16,
      "mse_sym_te": 1.5188667087046696e+16,
      "r2": -5.122504234313965,
      "opt_time": 19.047968964005122,
      "depth": 2,
      "formula": "134392.547706673*(0.0226890273717064*(0.25308858245376 - (1 - 0.722713913184691*x_2)**2)**2 + 0.197192059490401*(0.0242787820078591*(1 - 0.79621624468191*x_2)**2 + 1)**2 - 0.126092665771553*(-(1 - 0.607048811873451*x_2)**2 - 0.265173375301413)**2 - 1)**2 + 209434.929571688*(-0.138392384325589*(0.302803431864864 - (1 - 0.607048811873451*x_2)**2)**2 + (0.0103936290526754*(1 - 0.79621624468191*x_2)**2 - 1)**2 + 0.00470438243649589*(-(1 - 0.722713913184691*x_2)**2 - 0.216854020200048)**2 + 0.621174858675676)**2 + 515519.289772034"
    },
    "formula": "134392.547706673*(0.0226890273717064*(0.25308858245376 - (1 - 0.722713913184691*x_2)**2)**2 + 0.197192059490401*(0.0242787820078591*(1 - 0.79621624468191*x_2)**2 + 1)**2 - 0.126092665771553*(-(1 - 0.607048811873451*x_2)**2 - 0.265173375301413)**2 - 1)**2 + 209434.929571688*(-0.138392384325589*(0.302803431864864 - (1 - 0.607048811873451*x_2)**2)**2 + (0.0103936290526754*(1 - 0.79621624468191*x_2)**2 - 1)**2 + 0.00470438243649589*(-(1 - 0.722713913184691*x_2)**2 - 0.216854020200048)**2 + 0.621174858675676)**2 + 515519.289772034",
    "opt_time": 19.047968964005122,
    "ga_time": 17.52866343597998,
    "total_evo_pipeline": 36.5766323999851
  },
  "ga": {
    "generations": 101,
    "best_fitness": 1667699.625,
    "time_s": 17.52866343597998,
    "mask_size": 3
  }
}