{
  "dataset": "B6.csv",
  "n_train": 2400,
  "n_test": 600,
  "baseline": {
    "depth": 2,
    "metrics": {
      "mse_tr": 1.723859429359436,
      "mse_te": 1.686461091041565,
      "mse_sym_tr": 135.38812829802066,
      "mse_sym_te": 135.6599762540119,
      "r2": -7.849039077758789,
      "opt_time": 189.84967433998827,
      "depth": 2,
      "formula": "12.8621937334538"
    },
    "formula": "12.8621937334538",
    "opt_time": 189.84967433998827
  },
  "evokan": {
    "library": [
      "0",
      "tanh",
      "sgn",
      "arccos"
    ],
    "depth": 2,
    "metrics": {
      "mse_tr": 1.723859429359436,
      "mse_te": 1.686461091041565,
      "mse_sym_tr": 0.28044827973463726,
      "mse_sym_te": 0.2796307528197547,
      "r2": -7.849039077758789,
      "opt_time": 24.206064294994576,
      "depth": 2,
      "formula": "1.52147328853607"
    },
    "formula": "1.52147328853607",
    "opt_time": 24.206064294994576,
    "ga_time": 26.183887997991405,
    "total_evo_pipeline": 50.38995229298598
  },
  "ga": {
    "generations": 101,
    "best_fitness": 35772.34375,
    "time_s": 26.183887997991405,
    "mask_size": 4
  }
}