{
  "dataset": "I_12_1.csv",
  "n_train": 2400,
  "n_test": 600,
  "baseline": {
    "depth": 2,
    "metrics": {
      "mse_tr": 102.70843505859375,
      "mse_te": 99.6323013305664,
      "mse_sym_tr": 24.81793999815755,
      "mse_sym_te": 23.558520607840734,
      "r2": -3.244171619415283,
      "opt_time": 78.62961255401024,
      "depth": 2,
      "formula": "8.43796157836914"
    },
    "formula": "8.43796157836914",
    "opt_time": 78.62961255401024
  },
  "evokan": {
    "library": [
      "1/sqrt(x)",
      "tanh"
    ],
    "depth": 2,
    "metrics": {
      "mse_tr": 102.70843505859375,
      "mse_te": 99.6323013305664,
      "mse_sym_tr": NaN,
      "mse_sym_te": NaN,
      "r2": -3.244171619415283,
      "opt_time": 23.96148506400641,
      "depth": 2,
      "formula": "9.13829773664474 - 0.0146294038366431/sqrt(1 - 0.999894607311536/sqrt(1 + 1.2070864207365e-5/sqrt(x_2 + 0.456903717285326) + 1.73563008051671e-5/sqrt(1 - 0.127709716768242*x_1)) - 1.77928223363166e-5/sqrt(0.334437076691289 - 0.647846182157143/sqrt(1 - 0.0302297756880771*x_2) + 1/sqrt(1 - 0.150580906035773*x_1)) + 2.3587835515674e-7/sqrt(-1 + 0.703060534626773/sqrt(1 - 0.0358428615053018*x_2) + 0.300837986579606/sqrt(1 - 0.134464212470237*x_1))) + 0.724285854809027/sqrt(1 - 0.0231073465793829/sqrt(1 - 0.217946685804818/sqrt(x_2 + 0.456903717285326) - 0.313378410471194/sqrt(1 - 0.127709716768242*x_1)) - 0.891078045726832/sqrt(1 - 0.0967451167159939/sqrt(1 - 0.0302297756880771*x_2) + 0.149333467388602/sqrt(1 - 0.150580906035773*x_1)) + 0.0865465888823265/sqrt(0.484758692238984 + 1/sqrt(1 - 0.0358428615053018*x_2) + 0.427897701211901/sqrt(1 - 0.134464212470237*x_1))) - 0.00539762695063633/sqrt(-1 + 1.53702210734574e-6/sqrt(1 - 0.348974325613506/sqrt(x_2 + 0.456903717285326) - 0.501778767831118/sqrt(1 - 0.127709716768242*x_1)) + 0.000504517648593905/sqrt(1 + 0.13652021321815/sqrt(1 - 0.0302297756880771*x_2) - 0.210729362892248/sqrt(1 - 0.150580906035773*x_1)) + 0.999521887253641/sqrt(1 - 8.6321204103601e-6/sqrt(1 - 0.0358428615053018*x_2) - 3.69366448017742e-6/sqrt(1 - 0.134464212470237*x_1)))"
    },
    "formula": "9.13829773664474 - 0.0146294038366431/sqrt(1 - 0.999894607311536/sqrt(1 + 1.2070864207365e-5/sqrt(x_2 + 0.456903717285326) + 1.73563008051671e-5/sqrt(1 - 0.127709716768242*x_1)) - 1.77928223363166e-5/sqrt(0.334437076691289 - 0.647846182157143/sqrt(1 - 0.0302297756880771*x_2) + 1/sqrt(1 - 0.150580906035773*x_1)) + 2.3587835515674e-7/sqrt(-1 + 0.703060534626773/sqrt(1 - 0.0358428615053018*x_2) + 0.300837986579606/sqrt(1 - 0.134464212470237*x_1))) + 0.724285854809027/sqrt(1 - 0.0231073465793829/sqrt(1 - 0.217946685804818/sqrt(x_2 + 0.456903717285326) - 0.313378410471194/sqrt(1 - 0.127709716768242*x_1)) - 0.891078045726832/sqrt(1 - 0.0967451167159939/sqrt(1 - 0.0302297756880771*x_2) + 0.149333467388602/sqrt(1 - 0.150580906035773*x_1)) + 0.0865465888823265/sqrt(0.484758692238984 + 1/sqrt(1 - 0.0358428615053018*x_2) + 0.427897701211901/sqrt(1 - 0.134464212470237*x_1))) - 0.00539762695063633/sqrt(-1 + 1.53702210734574e-6/sqrt(1 - 0.348974325613506/sqrt(x_2 + 0.456903717285326) - 0.501778767831118/sqrt(1 - 0.127709716768242*x_1)) + 0.000504517648593905/sqrt(1 + 0.13652021321815/sqrt(1 - 0.0302297756880771*x_2) - 0.210729362892248/sqrt(1 - 0.150580906035773*x_1)) + 0.999521887253641/sqrt(1 - 8.6321204103601e-6/sqrt(1 - 0.0358428615053018*x_2) - 3.69366448017742e-6/sqrt(1 - 0.134464212470237*x_1)))",
    "opt_time": 23.96148506400641,
    "ga_time": 16.51672353001777,
    "total_evo_pipeline": 40.47820859402418
  },
  "ga": {
    "generations": 101,
    "best_fitness": 639954.0625,
    "time_s": 16.51672353001777,
    "mask_size": 2
  }
}