{
  "dataset": "I_12_11.csv",
  "n_train": 2400,
  "n_test": 600,
  "baseline": {
    "depth": 2,
    "metrics": {
      "mse_tr": 815.0704956054688,
      "mse_te": 776.4053955078125,
      "mse_sym_tr": 688.5984651713297,
      "mse_sym_te": 651.8186926672163,
      "r2": -0.19134032726287842,
      "opt_time": 100.52777925800183,
      "depth": 2,
      "formula": "10.8333513736725"
    },
    "formula": "10.8333513736725",
    "opt_time": 100.52777925800183
  },
  "evokan": {
    "library": [
      "0",
      "sin",
      "sgn",
      "arccos"
    ],
    "depth": 2,
    "metrics": {
      "mse_tr": 815.0704956054688,
      "mse_te": 776.4053955078125,
      "mse_sym_tr": 688.4414327748619,
      "mse_sym_te": 651.7103649450731,
      "r2": -0.19134032726287842,
      "opt_time": 27.3445198769914,
      "depth": 2,
      "formula": "11.1132105290890"
    },
    "formula": "11.1132105290890",
    "opt_time": 27.3445198769914,
    "ga_time": 20.353275205008686,
    "total_evo_pipeline": 47.697795082000084
  },
  "ga": {
    "generations": 101,
    "best_fitness": 117193.828125,
    "time_s": 20.353275205008686,
    "mask_size": 4
  }
}