{
  "dataset": "I_8_14.csv",
  "n_train": 2400,
  "n_test": 600,
  "baseline": {
    "depth": 2,
    "metrics": {
      "mse_tr": 5.294647216796875,
      "mse_te": 5.319560527801514,
      "mse_sym_tr": 0.9771022542957748,
      "mse_sym_te": 0.9234558914813946,
      "r2": -5.011600494384766,
      "opt_time": 99.94719942199299,
      "depth": 2,
      "formula": "2.30226819217205"
    },
    "formula": "2.30226819217205",
    "opt_time": 99.94719942199299
  },
  "evokan": {
    "library": [
      "0",
      "cos",
      "arcsin",
      "arctanh"
    ],
    "depth": 2,
    "metrics": {
      "mse_tr": 5.294647216796875,
      "mse_te": 5.319560527801514,
      "mse_sym_tr": 0.9326281691480777,
      "mse_sym_te": 0.885138148853249,
      "r2": -5.011600494384766,
      "opt_time": 25.689471199002583,
      "depth": 2,
      "formula": "2.12185104936361"
    },
    "formula": "2.12185104936361",
    "opt_time": 25.689471199002583,
    "ga_time": 19.03858907299582,
    "total_evo_pipeline": 44.7280602719984
  },
  "ga": {
    "generations": 101,
    "best_fitness": 16664.71484375,
    "time_s": 19.03858907299582,
    "mask_size": 4
  }
}