{
  "dataset": "B2.csv",
  "n_train": 2400,
  "n_test": 600,
  "baseline": {
    "depth": 2,
    "metrics": {
      "mse_tr": 5.734276294708252,
      "mse_te": 6.197693347930908,
      "mse_sym_tr": 4.0283638722431805,
      "mse_sym_te": 4.37134177177744,
      "r2": -0.41810715198516846,
      "opt_time": 117.5878049399762,
      "depth": 2,
      "formula": "1.32105857599527"
    },
    "formula": "1.32105857599527",
    "opt_time": 117.5878049399762
  },
  "evokan": {
    "library": [
      "1/x",
      "tanh",
      "arctanh"
    ],
    "depth": 2,
    "metrics": {
      "mse_tr": 5.734276294708252,
      "mse_te": 6.197693347930908,
      "mse_sym_tr": 203.49958788748964,
      "mse_sym_te": 97.70197474486821,
      "r2": -0.41810715198516846,
      "opt_time": 26.40321312699234,
      "depth": 2,
      "formula": "2.41483640670776 - 0.69973886013031/(0.853378735277575 - 1.90504993803825/(17.9687632550054 - 2.68670629786395/(8.87600040435791 - 2.62127995491028*x_1) - 8.49765157125546/(7.66336011886597 - 0.600159823894501*x_2)) - 0.000502626254305083/(0.851954170064232 + 1.58423750156371/(-2.49959993362427*x_1 - 2.31167984008789) - 1.21447815997072/(7.31544017791748 - 0.616079866886139*x_2)) + 0.00779782147913055/(-12.4959497227916 + 9.72640967675414/(9.17271995544434 - 2.03999972343445*x_1) + 155.851961398845/(6.45727968215942 - 0.20024000108242*x_2))) + 0.480820208787918/(0.258157373109057 + 0.232101770929418/(2.50081547721982 + 1.6515675541909/(-2.49959993362427*x_1 - 2.31167984008789) - 1.26609345019375/(7.31544017791748 - 0.616079866886139*x_2)) - 0.108199962864646/(-0.240623499838271 - 0.0537342240432075/(8.87600040435791 - 2.62127995491028*x_1) - 0.169953341656282/(7.66336011886597 - 0.600159823894501*x_2)) - 0.00666737333016698/(-0.817998848634286 + 0.194528186288338/(9.17271995544434 - 2.03999972343445*x_1) + 3.11703911185805/(6.45727968215942 - 0.20024000108242*x_2))) - 0.0124194603413343/(0.00752545112050154 - 0.000319610978262164/(20.3880702809516 - 8.33846574025978/(8.87600040435791 - 2.62127995491028*x_1) - 26.373324302665/(7.66336011886597 - 0.600159823894501*x_2)) + 0.0333936756216957/(4.38395386909878 + 1.68193215282143/(-2.49959993362427*x_1 - 2.31167984008789) - 1.28937098392001/(7.31544017791748 - 0.616079866886139*x_2)) - 0.00100882238144839/(-12.4959497227916 + 9.72640967675414/(9.17271995544434 - 2.03999972343445*x_1) + 155.851961398845/(6.45727968215942 - 0.20024000108242*x_2)))"
    },
    "formula": "2.41483640670776 - 0.69973886013031/(0.853378735277575 - 1.90504993803825/(17.9687632550054 - 2.68670629786395/(8.87600040435791 - 2.62127995491028*x_1) - 8.49765157125546/(7.66336011886597 - 0.600159823894501*x_2)) - 0.000502626254305083/(0.851954170064232 + 1.58423750156371/(-2.49959993362427*x_1 - 2.31167984008789) - 1.21447815997072/(7.31544017791748 - 0.616079866886139*x_2)) + 0.00779782147913055/(-12.4959497227916 + 9.72640967675414/(9.17271995544434 - 2.03999972343445*x_1) + 155.851961398845/(6.45727968215942 - 0.20024000108242*x_2))) + 0.480820208787918/(0.258157373109057 + 0.232101770929418/(2.50081547721982 + 1.6515675541909/(-2.49959993362427*x_1 - 2.31167984008789) - 1.26609345019375/(7.31544017791748 - 0.616079866886139*x_2)) - 0.108199962864646/(-0.240623499838271 - 0.0537342240432075/(8.87600040435791 - 2.62127995491028*x_1) - 0.169953341656282/(7.66336011886597 - 0.600159823894501*x_2)) - 0.00666737333016698/(-0.817998848634286 + 0.194528186288338/(9.17271995544434 - 2.03999972343445*x_1) + 3.11703911185805/(6.45727968215942 - 0.20024000108242*x_2))) - 0.0124194603413343/(0.00752545112050154 - 0.000319610978262164/(20.3880702809516 - 8.33846574025978/(8.87600040435791 - 2.62127995491028*x_1) - 26.373324302665/(7.66336011886597 - 0.600159823894501*x_2)) + 0.0333936756216957/(4.38395386909878 + 1.68193215282143/(-2.49959993362427*x_1 - 2.31167984008789) - 1.28937098392001/(7.31544017791748 - 0.616079866886139*x_2)) - 0.00100882238144839/(-12.4959497227916 + 9.72640967675414/(9.17271995544434 - 2.03999972343445*x_1) + 155.851961398845/(6.45727968215942 - 0.20024000108242*x_2)))",
    "opt_time": 26.40321312699234,
    "ga_time": 22.262189292989206,
    "total_evo_pipeline": 48.66540241998155
  },
  "ga": {
    "generations": 101,
    "best_fitness": 17122.5078125,
    "time_s": 22.262189292989206,
    "mask_size": 3
  }
}