{
  "dataset": "B3.csv",
  "n_train": 2400,
  "n_test": 600,
  "baseline": {
    "depth": 2,
    "metrics": {
      "mse_tr": 1.0022138357162476,
      "mse_te": 0.9911444187164307,
      "mse_sym_tr": 94196.21012020635,
      "mse_sym_te": 94224.50324868382,
      "r2": -0.0013746023178100586,
      "opt_time": 46.03744275501231,
      "depth": 2,
      "formula": "306.921600341797"
    },
    "formula": "306.921600341797",
    "opt_time": 46.03744275501231
  },
  "evokan": {
    "library": [
      "0",
      "x"
    ],
    "depth": 2,
    "metrics": {
      "mse_tr": 1.0022138357162476,
      "mse_te": 0.9911444187164307,
      "mse_sym_tr": 1.0709662681385816,
      "mse_sym_te": 1.0849429006521851,
      "r2": -0.0013746023178100586,
      "opt_time": 19.038183377997484,
      "depth": 2,
      "formula": "0.271590888500214"
    },
    "formula": "0.271590888500214",
    "opt_time": 19.038183377997484,
    "ga_time": 17.785354715015274,
    "total_evo_pipeline": 36.82353809301276
  },
  "ga": {
    "generations": 101,
    "best_fitness": 77192.3203125,
    "time_s": 17.785354715015274,
    "mask_size": 2
  }
}