{
  "dataset": "I_10_7.csv",
  "n_train": 2400,
  "n_test": 600,
  "baseline": {
    "depth": 2,
    "metrics": {
      "mse_tr": 10.269695281982422,
      "mse_te": 10.662296295166016,
      "mse_sym_tr": 1.3825682508152717,
      "mse_sym_te": 1.3799563218030866,
      "r2": -7.010847091674805,
      "opt_time": 112.48289460098022,
      "depth": 2,
      "formula": "2.83341968059540"
    },
    "formula": "2.83341968059540",
    "opt_time": 112.48289460098022
  },
  "evokan": {
    "library": [
      "0",
      "x^1.5",
      "arcsin",
      "arccos"
    ],
    "depth": 2,
    "metrics": {
      "mse_tr": 10.269695281982422,
      "mse_te": 10.662296295166016,
      "mse_sym_tr": 1.3989527987548445,
      "mse_sym_te": 1.3475305227141587,
      "r2": -7.010847091674805,
      "opt_time": 25.550395462982124,
      "depth": 2,
      "formula": "3.18335896730423"
    },
    "formula": "3.18335896730423",
    "opt_time": 25.550395462982124,
    "ga_time": 13.753134155995212,
    "total_evo_pipeline": 39.303529618977336
  },
  "ga": {
    "generations": 101,
    "best_fitness": 22648094.0,
    "time_s": 13.753134155995212,
    "mask_size": 4
  }
}