{
  "dataset": "I_11_19.csv",
  "n_train": 2400,
  "n_test": 600,
  "baseline": {
    "depth": 2,
    "metrics": {
      "mse_tr": 827.4841918945312,
      "mse_te": 799.1382446289062,
      "mse_sym_tr": 82.03969658539357,
      "mse_sym_te": 80.0201073632922,
      "r2": -9.004829406738281,
      "opt_time": 85.62560373099404,
      "depth": 2,
      "formula": "26.4384723117109"
    },
    "formula": "26.4384723117109",
    "opt_time": 85.62560373099404
  },
  "evokan": {
    "library": [
      "0",
      "x^1.5",
      "sgn",
      "arctanh"
    ],
    "depth": 2,
    "metrics": {
      "mse_tr": 827.4841918945312,
      "mse_te": 799.1382446289062,
      "mse_sym_tr": 81.59364867197147,
      "mse_sym_te": 81.01709639833358,
      "r2": -9.004829406738281,
      "opt_time": 26.955198848998407,
      "depth": 2,
      "formula": "27.8876522632781"
    },
    "formula": "27.8876522632781",
    "opt_time": 26.955198848998407,
    "ga_time": 20.41067077900516,
    "total_evo_pipeline": 47.365869628003566
  },
  "ga": {
    "generations": 101,
    "best_fitness": 58578.21484375,
    "time_s": 20.41067077900516,
    "mask_size": 4
  }
}