{
  "dataset": "I_12_4.csv",
  "n_train": 2400,
  "n_test": 600,
  "baseline": {
    "depth": 2,
    "metrics": {
      "mse_tr": 7.016261653378158e+19,
      "mse_te": 6.640946437869378e+19,
      "mse_sym_tr": 4.353699299396819e+19,
      "mse_sym_te": 4.046629834114021e+19,
      "r2": -0.7509671449661255,
      "opt_time": 66.5731275450089,
      "depth": 2,
      "formula": "5756171.60377339*x_2 + 3323545614.20234"
    },
    "formula": "5756171.60377339*x_2 + 3323545614.20234",
    "opt_time": 66.5731275450089
  },
  "evokan": {
    "library": [
      "tan"
    ],
    "depth": 2,
    "metrics": {
      "mse_tr": 7.016261653378158e+19,
      "mse_te": 6.640946437869378e+19,
      "mse_sym_tr": 1.0775940992201687e+20,
      "mse_sym_te": 5.13867506542424e+19,
      "r2": -0.7509671449661255,
      "opt_time": 15.519594256998971,
      "depth": 2,
      "formula": "2844837120.0*tan(8831.0283203125*tan(3.28749416578233e-10*tan(0.00800014287233353*x_1 + 7.85247993469238) + 1.91504750546301e-6*tan(0.00800000131130219*x_2 - 0.19999985396862) - 0.031194413014191) + 0.00650950614362955*tan(0.00999164511951989*tan(0.16328002512455*x_1 - 5.59999990463257) + 0.395009849163671*tan(0.015679994598031*x_2 + 0.7879998087883) + 5.72477031386643) + 271.252849355449) + 4015405056.0*tan(0.013367572799325*tan(0.000225915448449604*tan(0.00800014287233353*x_1 + 7.85247993469238) + 1.31601394308791*tan(0.00800000131130219*x_2 - 0.19999985396862) + 3.07253557105253) + 0.00629317061975598*tan(0.00999164511951989*tan(0.16328002512455*x_1 - 5.59999990463257) + 0.395009849163671*tan(0.015679994598031*x_2 + 0.7879998087883) + 5.72469032443314) - 1.11110433602153) + 18377575424.0"
    },
    "formula": "2844837120.0*tan(8831.0283203125*tan(3.28749416578233e-10*tan(0.00800014287233353*x_1 + 7.85247993469238) + 1.91504750546301e-6*tan(0.00800000131130219*x_2 - 0.19999985396862) - 0.031194413014191) + 0.00650950614362955*tan(0.00999164511951989*tan(0.16328002512455*x_1 - 5.59999990463257) + 0.395009849163671*tan(0.015679994598031*x_2 + 0.7879998087883) + 5.72477031386643) + 271.252849355449) + 4015405056.0*tan(0.013367572799325*tan(0.000225915448449604*tan(0.00800014287233353*x_1 + 7.85247993469238) + 1.31601394308791*tan(0.00800000131130219*x_2 - 0.19999985396862) + 3.07253557105253) + 0.00629317061975598*tan(0.00999164511951989*tan(0.16328002512455*x_1 - 5.59999990463257) + 0.395009849163671*tan(0.015679994598031*x_2 + 0.7879998087883) + 5.72469032443314) - 1.11110433602153) + 18377575424.0",
    "opt_time": 15.519594256998971,
    "ga_time": 13.226635111990618,
    "total_evo_pipeline": 28.74622936898959
  },
  "ga": {
    "generations": 101,
    "best_fitness": 3336315.0,
    "time_s": 13.226635111990618,
    "mask_size": 1
  }
}