{
  "dataset": "I_12_2.csv",
  "n_train": 2400,
  "n_test": 600,
  "baseline": {
    "depth": 2,
    "metrics": {
      "mse_tr": 6.851996023563307e+20,
      "mse_te": 7.803173153362558e+20,
      "mse_sym_tr": 6.543344090369057e+20,
      "mse_sym_te": 7.477591780416317e+20,
      "r2": -0.5771578550338745,
      "opt_time": 66.12270149899996,
      "depth": 2,
      "formula": "6375927.85557739*x_2 - 83758.4200815004*(1 - 0.527278939723384*x_2)**2 - 129998.954135501*(1 - 0.527245676880412*x_2)**2 + 921490056.601539"
    },
    "formula": "6375927.85557739*x_2 - 83758.4200815004*(1 - 0.527278939723384*x_2)**2 - 129998.954135501*(1 - 0.527245676880412*x_2)**2 + 921490056.601539",
    "opt_time": 66.12270149899996
  },
  "evokan": {
    "library": [
      "1/x^2",
      "sgn",
      "arcsin",
      "arccos",
      "arctanh"
    ],
    "depth": 2,
    "metrics": {
      "mse_tr": 6.851996023563307e+20,
      "mse_te": 7.803173153362558e+20,
      "mse_sym_tr": 6.667904551993559e+20,
      "mse_sym_te": 7.608895453100988e+20,
      "r2": -0.5771578550338745,
      "opt_time": 26.512617279979168,
      "depth": 2,
      "formula": "853915840.0 - 120958404.21175/(-1 + 0.261002144506757/(1 - 0.153578772688904/(-0.020000265780837*x_2 - 1)**2)**2 + 0.00535539441525618/(1 + 0.36270014772511/(-0.173602780664986*x_2 - 1)**2)**2 + 0.00192407570407435/(-1 - 0.961922828102839/(1 - 0.0437965963649175*x_2)**2)**2)**2"
    },
    "formula": "853915840.0 - 120958404.21175/(-1 + 0.261002144506757/(1 - 0.153578772688904/(-0.020000265780837*x_2 - 1)**2)**2 + 0.00535539441525618/(1 + 0.36270014772511/(-0.173602780664986*x_2 - 1)**2)**2 + 0.00192407570407435/(-1 - 0.961922828102839/(1 - 0.0437965963649175*x_2)**2)**2)**2",
    "opt_time": 26.512617279979168,
    "ga_time": 16.589985821017763,
    "total_evo_pipeline": 43.10260310099693
  },
  "ga": {
    "generations": 101,
    "best_fitness": 139384.734375,
    "time_s": 16.589985821017763,
    "mask_size": 5
  }
}