{
  "dataset": "I_12_5.csv",
  "n_train": 2400,
  "n_test": 600,
  "baseline": {
    "depth": 2,
    "metrics": {
      "mse_tr": 109.24441528320312,
      "mse_te": 102.85478210449219,
      "mse_sym_tr": 25.911371967324403,
      "mse_sym_te": 27.08778709336602,
      "r2": -2.9494400024414062,
      "opt_time": 109.46793672200874,
      "depth": 2,
      "formula": "9.78644895553589"
    },
    "formula": "9.78644895553589",
    "opt_time": 109.46793672200874
  },
  "evokan": {
    "library": [
      "x^2",
      "arcsin",
      "arctanh"
    ],
    "depth": 2,
    "metrics": {
      "mse_tr": 109.24441528320312,
      "mse_te": 102.85478210449219,
      "mse_sym_tr": 7597825621391609.0,
      "mse_sym_te": 6763601561469261.0,
      "r2": -2.9494400024414062,
      "opt_time": 21.29157062599552,
      "depth": 2,
      "formula": "-20519.8613011487*(-(1 - 0.935606662179669*(-0.0232557959415393*x_2 - 1)**2)**2 + 0.00491773847871567*(0.607239171925646*(1 - 0.733679160349793*x_2)**2 - 1)**2 + 0.186159943841284*((1 - 0.0595574051042251*x_2)**2 - 0.621938886640344)**2 + 0.0165911621821463)**2 - 144.663806475437*(-0.64229820423317*(1 - 0.923802180881834*(-0.0232557959415393*x_2 - 1)**2)**2 - 0.0586074515389653*(0.123756654431029*(1 - 0.733679160349793*x_2)**2 + 1)**2 - ((1 - 0.0595574051042251*x_2)**2 - 0.385773021535109)**2 + 0.389413558144414)**2 + 462.852101563346*(-(1 - 0.911467344648479*(-0.0232557959415393*x_2 - 1)**2)**2 - 0.0470479734147958*(0.288994849218035*(1 - 0.733679160349793*x_2)**2 + 1)**2 + 0.725567757281991*(0.667395395455821*(1 - 0.0595574051042251*x_2)**2 - 1)**2 - 0.0113663469271917)**2 + 18.3379993438721"
    },
    "formula": "-20519.8613011487*(-(1 - 0.935606662179669*(-0.0232557959415393*x_2 - 1)**2)**2 + 0.00491773847871567*(0.607239171925646*(1 - 0.733679160349793*x_2)**2 - 1)**2 + 0.186159943841284*((1 - 0.0595574051042251*x_2)**2 - 0.621938886640344)**2 + 0.0165911621821463)**2 - 144.663806475437*(-0.64229820423317*(1 - 0.923802180881834*(-0.0232557959415393*x_2 - 1)**2)**2 - 0.0586074515389653*(0.123756654431029*(1 - 0.733679160349793*x_2)**2 + 1)**2 - ((1 - 0.0595574051042251*x_2)**2 - 0.385773021535109)**2 + 0.389413558144414)**2 + 462.852101563346*(-(1 - 0.911467344648479*(-0.0232557959415393*x_2 - 1)**2)**2 - 0.0470479734147958*(0.288994849218035*(1 - 0.733679160349793*x_2)**2 + 1)**2 + 0.725567757281991*(0.667395395455821*(1 - 0.0595574051042251*x_2)**2 - 1)**2 - 0.0113663469271917)**2 + 18.3379993438721",
    "opt_time": 21.29157062599552,
    "ga_time": 13.444810918997973,
    "total_evo_pipeline": 34.73638154499349
  },
  "ga": {
    "generations": 101,
    "best_fitness": 384491.28125,
    "time_s": 13.444810918997973,
    "mask_size": 3
  }
}