{
  "dataset": "I_14_3.csv",
  "n_train": 2400,
  "n_test": 600,
  "baseline": {
    "depth": 2,
    "metrics": {
      "mse_tr": 10207.568359375,
      "mse_te": 9828.001953125,
      "mse_sym_tr": 2477.806765175124,
      "mse_sym_te": 2412.854024830622,
      "r2": -3.0770263671875,
      "opt_time": 102.57401210899116,
      "depth": 2,
      "formula": "87.6321476101875"
    },
    "formula": "87.6321476101875",
    "opt_time": 102.57401210899116
  },
  "evokan": {
    "library": [
      "x^4"
    ],
    "depth": 2,
    "metrics": {
      "mse_tr": 10207.568359375,
      "mse_te": 9828.001953125,
      "mse_sym_tr": 1.8034676134949142e+53,
      "mse_sym_te": 1.7323746405121181e+53,
      "r2": -3.0770263671875,
      "opt_time": 19.189659668016247,
      "depth": 2,
      "formula": "-81.8020098413904*(-4.45831074081368e-5*(-0.180411299287955*(1 - 0.0499999634921551*x_1)**4 + 0.459250943160689*(-0.0200000254512343*x_2 - 1)**4 + 1)**4 - (0.038359003979443*(1 - 0.020002425191576*x_1)**4 - 0.126999098636988*(0.00363649696352019*x_2 + 1)**4 + 1)**4 + 0.0263103274185059*(-0.696183503362873*(1 - 0.0200012252494251*x_2)**4 - 0.0847201652003327*(-0.199309007927047*x_1 - 1)**4 + 1)**4 + 0.288943437116493)**4 + 7.29634914253026*(-0.04964301252971*(-0.135057529774286*(1 - 0.0499999634921551*x_1)**4 + 0.343799408211095*(-0.0200000254512343*x_2 - 1)**4 - 1)**4 - 0.0437532024832963*(-0.302041545106457*(1 - 0.020002425191576*x_1)**4 + (0.00363649696352019*x_2 + 1)**4 + 0.923856540147219)**4 + 0.0261819984815664*(-0.801059581632043*(1 - 0.0200012252494251*x_2)**4 - 0.0974827753937775*(-0.199309007927047*x_1 - 1)**4 + 1)**4 + 1)**4 + 1616.4824262335*(-0.0137580357312616*(-0.0449103155375833*(1 - 0.0499999634921551*x_1)**4 + 0.114322688488372*(-0.0200000254512343*x_2 - 1)**4 - 1)**4 - (0.302041545106457*(1 - 0.020002425191576*x_1)**4 - (0.00363649696352019*x_2 + 1)**4 + 0.821128965669115)**4 + 0.00593537880397338*(-0.105059523045804*(1 - 0.0200012252494251*x_2)**4 - 0.0127849340085115*(-0.199309007927047*x_1 - 1)**4 + 1)**4 - 0.176450739200163)**4 + 86.8034476339817"
    },
    "formula": "-81.8020098413904*(-4.45831074081368e-5*(-0.180411299287955*(1 - 0.0499999634921551*x_1)**4 + 0.459250943160689*(-0.0200000254512343*x_2 - 1)**4 + 1)**4 - (0.038359003979443*(1 - 0.020002425191576*x_1)**4 - 0.126999098636988*(0.00363649696352019*x_2 + 1)**4 + 1)**4 + 0.0263103274185059*(-0.696183503362873*(1 - 0.0200012252494251*x_2)**4 - 0.0847201652003327*(-0.199309007927047*x_1 - 1)**4 + 1)**4 + 0.288943437116493)**4 + 7.29634914253026*(-0.04964301252971*(-0.135057529774286*(1 - 0.0499999634921551*x_1)**4 + 0.343799408211095*(-0.0200000254512343*x_2 - 1)**4 - 1)**4 - 0.0437532024832963*(-0.302041545106457*(1 - 0.020002425191576*x_1)**4 + (0.00363649696352019*x_2 + 1)**4 + 0.923856540147219)**4 + 0.0261819984815664*(-0.801059581632043*(1 - 0.0200012252494251*x_2)**4 - 0.0974827753937775*(-0.199309007927047*x_1 - 1)**4 + 1)**4 + 1)**4 + 1616.4824262335*(-0.0137580357312616*(-0.0449103155375833*(1 - 0.0499999634921551*x_1)**4 + 0.114322688488372*(-0.0200000254512343*x_2 - 1)**4 - 1)**4 - (0.302041545106457*(1 - 0.020002425191576*x_1)**4 - (0.00363649696352019*x_2 + 1)**4 + 0.821128965669115)**4 + 0.00593537880397338*(-0.105059523045804*(1 - 0.0200012252494251*x_2)**4 - 0.0127849340085115*(-0.199309007927047*x_1 - 1)**4 + 1)**4 - 0.176450739200163)**4 + 86.8034476339817",
    "opt_time": 19.189659668016247,
    "ga_time": 12.282197344000451,
    "total_evo_pipeline": 31.4718570120167
  },
  "ga": {
    "generations": 101,
    "best_fitness": 1079849.0,
    "time_s": 12.282197344000451,
    "mask_size": 1
  }
}