{
  "dataset": "I_14_4.csv",
  "n_train": 2400,
  "n_test": 600,
  "baseline": {
    "depth": 2,
    "metrics": {
      "mse_tr": 418.1797790527344,
      "mse_te": 387.69451904296875,
      "mse_sym_tr": 166.55520835444665,
      "mse_sym_te": 167.21241108850668,
      "r2": -1.3352863788604736,
      "opt_time": 111.89988331499626,
      "depth": 2,
      "formula": "15.9827711060643"
    },
    "formula": "15.9827711060643",
    "opt_time": 111.89988331499626
  },
  "evokan": {
    "library": [
      "0",
      "x^3",
      "sgn",
      "arctanh"
    ],
    "depth": 2,
    "metrics": {
      "mse_tr": 418.1797790527344,
      "mse_te": 387.69451904296875,
      "mse_sym_tr": 166.54125134652304,
      "mse_sym_te": 166.92852815744632,
      "r2": -1.3352863788604736,
      "opt_time": 20.374432794982567,
      "depth": 2,
      "formula": "15.8442412614822"
    },
    "formula": "15.8442412614822",
    "opt_time": 20.374432794982567,
    "ga_time": 21.06842545501422,
    "total_evo_pipeline": 41.44285824999679
  },
  "ga": {
    "generations": 101,
    "best_fitness": 419549.5,
    "time_s": 21.06842545501422,
    "mask_size": 4
  }
}