{
  "dataset": "B2.csv",
  "n_train": 4000,
  "n_test": 1000,
  "baseline": {
    "depth": 2,
    "metrics": {
      "mse_tr": 6.216607093811035,
      "mse_te": 5.6322221755981445,
      "mse_sym_tr": 4.32450598786341,
      "mse_sym_te": 4.016697537330164,
      "r2": -0.40586817264556885,
      "train_time": 21.082147541994345,
      "prune_time": 0.06851015400025062,
      "sym_time": 418.65568281499145,
      "kan_time": 439.80634051098605,
      "depth": 2,
      "formula": "1.37748998403549"
    },
    "formula": "1.37748998403549",
    "total_time": 439.80634051098605,
    "sym_time": 418.65568281499145
  },
  "evokan": {
    "library": [
      "x",
      "x^2",
      "x^0.5",
      "exp"
    ],
    "depth": 2,
    "metrics": {
      "mse_tr": 6.216607093811035,
      "mse_te": 5.6322221755981445,
      "mse_sym_tr": 4.220232153742243,
      "mse_sym_te": 3.971979078410699,
      "r2": -0.40586817264556885,
      "train_time": 21.928388857995742,
      "prune_time": 0.03876009499072097,
      "sym_time": 61.756484711993835,
      "kan_time": 83.7236336649803,
      "depth": 2,
      "formula": "0.0976731564169033*x_2 + 1.12349250155631"
    },
    "formula": "0.0976731564169033*x_2 + 1.12349250155631",
    "kan_time": 83.7236336649803,
    "sym_time": 61.756484711993835,
    "ga_time": 3.008684821994393,
    "total_evo_pipeline": 86.73231848697469
  },
  "ga": {
    "generations": 51,
    "best_fitness": 0.04174233227968216,
    "time_s": 3.008684821994393,
    "mask_size": 4
  }
}