{
  "dataset": "B5.csv",
  "n_train": 4000,
  "n_test": 1000,
  "baseline": {
    "depth": 2,
    "metrics": {
      "mse_tr": 1517950337024.0,
      "mse_te": 1540584898560.0,
      "mse_sym_tr": 240584650838.6342,
      "mse_sym_te": 239686787453.10495,
      "r2": -5.430306434631348,
      "train_time": 19.461801779005327,
      "prune_time": 0.030408031001570635,
      "sym_time": 225.00689765899733,
      "kan_time": 244.49910746900423,
      "depth": 2,
      "formula": "1130372.68298374"
    },
    "formula": "1130372.68298374",
    "total_time": 244.49910746900423,
    "sym_time": 225.00689765899733
  },
  "evokan": {
    "library": [
      "x",
      "sqrt",
      "x^0.5",
      "exp"
    ],
    "depth": 2,
    "metrics": {
      "mse_tr": 1517950337024.0,
      "mse_te": 1540584898560.0,
      "mse_sym_tr": 243076881107.29663,
      "mse_sym_te": 242219319609.75214,
      "r2": -5.430306434631348,
      "train_time": 23.218557286003488,
      "prune_time": 0.031044253992149606,
      "sym_time": 36.133900423010346,
      "kan_time": 59.38350196300598,
      "depth": 2,
      "formula": "1131248.74424949 - 1133.82147429423*x_2"
    },
    "formula": "1131248.74424949 - 1133.82147429423*x_2",
    "kan_time": 59.38350196300598,
    "sym_time": 36.133900423010346,
    "ga_time": 1.8473977630055742,
    "total_evo_pipeline": 61.23089972601156
  },
  "ga": {
    "generations": 51,
    "best_fitness": 0.3244796693325043,
    "time_s": 1.8473977630055742,
    "mask_size": 4
  }
}