{
  "dataset": "B6.csv",
  "n_train": 4000,
  "n_test": 1000,
  "baseline": {
    "depth": 2,
    "metrics": {
      "mse_tr": 1.7915207147598267,
      "mse_te": 1.6424171924591064,
      "mse_sym_tr": 1.2746510939979447,
      "mse_sym_te": 1.1389199087239839,
      "r2": -8.717740058898926,
      "train_time": 25.644455276997178,
      "prune_time": 0.046225047000916675,
      "sym_time": 310.35748556999897,
      "kan_time": 336.04816589399707,
      "depth": 2,
      "formula": "0.229000082239509"
    },
    "formula": "0.229000082239509",
    "total_time": 336.04816589399707,
    "sym_time": 310.35748556999897
  },
  "evokan": {
    "library": [
      "x",
      "1/sqrt(x)",
      "1/x^0.5",
      "exp"
    ],
    "depth": 2,
    "metrics": {
      "mse_tr": 1.7915207147598267,
      "mse_te": 1.6424171924591064,
      "mse_sym_tr": 0.25063031449278844,
      "mse_sym_te": 0.17738233675655504,
      "r2": -8.717740058898926,
      "train_time": 21.403725843003485,
      "prune_time": 0.03818920400226489,
      "sym_time": 47.40488009099499,
      "kan_time": 68.84679513800074,
      "depth": 2,
      "formula": "-0.000190565291860776*x_2 + 8.83554537871474e-7*exp(0.366508895893913*x_2) - 0.0014714170573794*exp(0.368318342674199*x_2) - 6.61115733399788e-6*exp(0.773829824784087*x_2) - 0.0104213257301837*exp(-0.0732985130852973*x_2 - 0.818544571752448*exp(0.185566314949675*x_2) - 1.52719726625165*exp(-1.83887982368469*x_2)) + 1.31987461829764 - 0.262430142233182*exp(-1.83887982368469*x_2)"
    },
    "formula": "-0.000190565291860776*x_2 + 8.83554537871474e-7*exp(0.366508895893913*x_2) - 0.0014714170573794*exp(0.368318342674199*x_2) - 6.61115733399788e-6*exp(0.773829824784087*x_2) - 0.0104213257301837*exp(-0.0732985130852973*x_2 - 0.818544571752448*exp(0.185566314949675*x_2) - 1.52719726625165*exp(-1.83887982368469*x_2)) + 1.31987461829764 - 0.262430142233182*exp(-1.83887982368469*x_2)",
    "kan_time": 68.84679513800074,
    "sym_time": 47.40488009099499,
    "ga_time": 4.138592927003629,
    "total_evo_pipeline": 72.98538806500437
  },
  "ga": {
    "generations": 51,
    "best_fitness": 0.0716366097331047,
    "time_s": 4.138592927003629,
    "mask_size": 4
  }
}