{
  "dataset": "I_12_4.csv",
  "n_train": 4000,
  "n_test": 1000,
  "baseline": {
    "depth": 2,
    "metrics": {
      "mse_tr": 68440520.0,
      "mse_te": 65512372.0,
      "mse_sym_tr": 39801528.55803181,
      "mse_sym_te": 37714164.315530084,
      "r2": -0.7374099493026733,
      "train_time": 19.863559698002064,
      "prune_time": 0.03781866100325715,
      "sym_time": 388.67253782799526,
      "kan_time": 408.5739161870006,
      "depth": 2,
      "formula": "5358.23099080514"
    },
    "formula": "5358.23099080514",
    "total_time": 408.5739161870006,
    "sym_time": 388.67253782799526
  },
  "evokan": {
    "library": [
      "x",
      "x^0.5",
      "1/x^0.5",
      "log"
    ],
    "depth": 2,
    "metrics": {
      "mse_tr": 68440520.0,
      "mse_te": 65512372.0,
      "mse_sym_tr": 39802128.55217063,
      "mse_sym_te": 37717699.40438631,
      "r2": -0.7374099493026733,
      "train_time": 19.063242017989978,
      "prune_time": 0.03392851000535302,
      "sym_time": 62.5059929840063,
      "kan_time": 81.60316351200163,
      "depth": 2,
      "formula": "5376.93600220534 - 8455400.1642113*x_2"
    },
    "formula": "5376.93600220534 - 8455400.1642113*x_2",
    "kan_time": 81.60316351200163,
    "sym_time": 62.5059929840063,
    "ga_time": 1.1580853810010012,
    "total_evo_pipeline": 82.76124889300263
  },
  "ga": {
    "generations": 51,
    "best_fitness": 0.3335980176925659,
    "time_s": 1.1580853810010012,
    "mask_size": 4
  }
}