{
  "dataset": "I_12_5.csv",
  "n_train": 4000,
  "n_test": 1000,
  "baseline": {
    "depth": 2,
    "metrics": {
      "mse_tr": 107.19756317138672,
      "mse_te": 109.12564849853516,
      "mse_sym_tr": 26.00729910593187,
      "mse_sym_te": 26.602746338489197,
      "r2": -3.1029953956604004,
      "train_time": 19.55301003099885,
      "prune_time": 0.04194050199293997,
      "sym_time": 426.39939944400976,
      "kan_time": 445.99434997700155,
      "depth": 2,
      "formula": "9.00602727383375"
    },
    "formula": "9.00602727383375",
    "total_time": 445.99434997700155,
    "sym_time": 426.39939944400976
  },
  "evokan": {
    "library": [
      "x",
      "sqrt",
      "x^0.5",
      "exp"
    ],
    "depth": 2,
    "metrics": {
      "mse_tr": 107.19756317138672,
      "mse_te": 109.12564849853516,
      "mse_sym_tr": 25.396955916131258,
      "mse_sym_te": 25.953942986655953,
      "r2": -3.1029953956604004,
      "train_time": 22.862742184996023,
      "prune_time": 0.038593627003137954,
      "sym_time": 65.1749030570063,
      "kan_time": 88.07623886900546,
      "depth": 2,
      "formula": "0.0129707744155516*x_2 + 8.95507467160974"
    },
    "formula": "0.0129707744155516*x_2 + 8.95507467160974",
    "kan_time": 88.07623886900546,
    "sym_time": 65.1749030570063,
    "ga_time": 1.609776202996727,
    "total_evo_pipeline": 89.68601507200219
  },
  "ga": {
    "generations": 51,
    "best_fitness": 0.2712478041648865,
    "time_s": 1.609776202996727,
    "mask_size": 4
  }
}