{
  "dataset": "I_12_11.csv",
  "n_train": 4000,
  "n_test": 1000,
  "baseline": {
    "depth": 2,
    "metrics": {
      "mse_tr": 2211.412109375,
      "mse_te": 2026.261474609375,
      "mse_sym_tr": 2065.389737472924,
      "mse_sym_te": 1896.8653751965323,
      "r2": -0.06847548484802246,
      "train_time": 20.915461865006364,
      "prune_time": 0.043322650002664886,
      "sym_time": 411.80383901600726,
      "kan_time": 432.7626235310163,
      "depth": 2,
      "formula": "12.0745379559346"
    },
    "formula": "12.0745379559346",
    "total_time": 432.7626235310163,
    "sym_time": 411.80383901600726
  },
  "evokan": {
    "library": [
      "x",
      "x^2",
      "1/x",
      "x^0.5"
    ],
    "depth": 2,
    "metrics": {
      "mse_tr": 2211.412109375,
      "mse_te": 2026.261474609375,
      "mse_sym_tr": 2052.152448748801,
      "mse_sym_te": 1881.7952833702607,
      "r2": -0.06847548484802246,
      "train_time": 21.303039481004816,
      "prune_time": 0.036806208998314105,
      "sym_time": 42.29693314900214,
      "kan_time": 63.636778839005274,
      "depth": 2,
      "formula": "0.297266487550811*x_2 + 0.00286434466640492*(0.286893936033602*x_2 - 1)**2 + 10.6927523101819"
    },
    "formula": "0.297266487550811*x_2 + 0.00286434466640492*(0.286893936033602*x_2 - 1)**2 + 10.6927523101819",
    "kan_time": 63.636778839005274,
    "sym_time": 42.29693314900214,
    "ga_time": 2.654457145006745,
    "total_evo_pipeline": 66.29123598401202
  },
  "ga": {
    "generations": 51,
    "best_fitness": 0.18224990367889404,
    "time_s": 2.654457145006745,
    "mask_size": 4
  }
}