{
  "dataset": "I_12_1.csv",
  "n_train": 4000,
  "n_test": 1000,
  "baseline": {
    "depth": 2,
    "metrics": {
      "mse_tr": 106.56117248535156,
      "mse_te": 110.32826232910156,
      "mse_sym_tr": 24.984874874473867,
      "mse_sym_te": 26.058754416735606,
      "r2": -3.238408088684082,
      "train_time": 26.170403783005895,
      "prune_time": 0.11207704899425153,
      "sym_time": 477.55897725900286,
      "kan_time": 503.841458091003,
      "depth": 2,
      "formula": "9.01355288922787"
    },
    "formula": "9.01355288922787",
    "total_time": 503.841458091003,
    "sym_time": 477.55897725900286
  },
  "evokan": {
    "library": [
      "x",
      "sqrt",
      "x^0.5",
      "1/x^0.5"
    ],
    "depth": 2,
    "metrics": {
      "mse_tr": 106.56117248535156,
      "mse_te": 110.32826232910156,
      "mse_sym_tr": 31.453239031814004,
      "mse_sym_te": 31.51114032116209,
      "r2": -3.238408088684082,
      "train_time": 21.240667623002082,
      "prune_time": 0.048927195006399415,
      "sym_time": 61.41414898898802,
      "kan_time": 82.7037438069965,
      "depth": 2,
      "formula": "0.566832028541557*x_2 + 7.26361701328678"
    },
    "formula": "0.566832028541557*x_2 + 7.26361701328678",
    "kan_time": 82.7037438069965,
    "sym_time": 61.41414898898802,
    "ga_time": 1.357552705987473,
    "total_evo_pipeline": 84.06129651298397
  },
  "ga": {
    "generations": 51,
    "best_fitness": 0.26384732127189636,
    "time_s": 1.357552705987473,
    "mask_size": 4
  }
}