{
  "dataset": "I_14_3.csv",
  "n_train": 4000,
  "n_test": 1000,
  "baseline": {
    "depth": 2,
    "metrics": {
      "mse_tr": 10129.2939453125,
      "mse_te": 10226.5283203125,
      "mse_sym_tr": 2431.5048173838395,
      "mse_sym_te": 2520.3132167450945,
      "r2": -3.057649612426758,
      "train_time": 19.42715756400139,
      "prune_time": 0.03582733699295204,
      "sym_time": 399.10099158900266,
      "kan_time": 418.563976489997,
      "depth": 2,
      "formula": "87.7136145532131"
    },
    "formula": "87.7136145532131",
    "total_time": 418.563976489997,
    "sym_time": 399.10099158900266
  },
  "evokan": {
    "library": [
      "x",
      "sqrt",
      "1/sqrt(x)",
      "1/x^0.5"
    ],
    "depth": 2,
    "metrics": {
      "mse_tr": 10129.2939453125,
      "mse_te": 10226.5283203125,
      "mse_sym_tr": 2468.3499360468695,
      "mse_sym_te": 2558.1018762800927,
      "r2": -3.057649612426758,
      "train_time": 20.066091050990508,
      "prune_time": 0.03821057498862501,
      "sym_time": 75.21737674200267,
      "kan_time": 95.3216783679818,
      "depth": 2,
      "formula": "87.8808945731318 - 0.0765342654008478*x_2"
    },
    "formula": "87.8808945731318 - 0.0765342654008478*x_2",
    "kan_time": 95.3216783679818,
    "sym_time": 75.21737674200267,
    "ga_time": 1.2339396939933067,
    "total_evo_pipeline": 96.55561806197511
  },
  "ga": {
    "generations": 51,
    "best_fitness": 0.2684114873409271,
    "time_s": 1.2339396939933067,
    "mask_size": 4
  }
}