{
  "dataset": "I_8_14.csv",
  "n_train": 4000,
  "n_test": 1000,
  "baseline": {
    "depth": 2,
    "metrics": {
      "mse_tr": 5.1853718757629395,
      "mse_te": 5.607389450073242,
      "mse_sym_tr": 3.558185782295356,
      "mse_sym_te": 3.904242016504529,
      "r2": -4.583075046539307,
      "train_time": 20.69716452799912,
      "prune_time": 0.037621205003233626,
      "sym_time": 425.5213304380013,
      "kan_time": 446.25611617100367,
      "depth": 2,
      "formula": "0.442562977084890"
    },
    "formula": "0.442562977084890",
    "total_time": 446.25611617100367,
    "sym_time": 425.5213304380013
  },
  "evokan": {
    "library": [
      "x",
      "1/x^2",
      "sqrt",
      "log"
    ],
    "depth": 2,
    "metrics": {
      "mse_tr": 5.1853718757629395,
      "mse_te": 5.607389450073242,
      "mse_sym_tr": 1.1034023667992543,
      "mse_sym_te": 1.1578613254232524,
      "r2": -4.583075046539307,
      "train_time": 19.485618250997504,
      "prune_time": 0.03086493699811399,
      "sym_time": 49.803987617007806,
      "kan_time": 69.32047080500342,
      "depth": 2,
      "formula": "0.0447553288404626*x_2 + 1.89509904253498"
    },
    "formula": "0.0447553288404626*x_2 + 1.89509904253498",
    "kan_time": 69.32047080500342,
    "sym_time": 49.803987617007806,
    "ga_time": 2.3725372870103456,
    "total_evo_pipeline": 71.69300809201377
  },
  "ga": {
    "generations": 51,
    "best_fitness": 0.031925249844789505,
    "time_s": 2.3725372870103456,
    "mask_size": 4
  }
}