{
  "dataset": "B3.csv",
  "n_train": 4000,
  "n_test": 1000,
  "baseline": {
    "depth": 2,
    "metrics": {
      "mse_tr": 1.5705084800720215,
      "mse_te": 1.5108076333999634,
      "mse_sym_tr": 0.6141339188950277,
      "mse_sym_te": 0.5792534588790713,
      "r2": -2.7323737144470215,
      "train_time": 22.246114199995645,
      "prune_time": 0.04377314199518878,
      "sym_time": 197.25692748499569,
      "kan_time": 219.54681482698652,
      "depth": 2,
      "formula": "0.633981645107269"
    },
    "formula": "0.633981645107269",
    "total_time": 219.54681482698652,
    "sym_time": 197.25692748499569
  },
  "evokan": {
    "library": [
      "x",
      "x^2",
      "sqrt",
      "x^0.5"
    ],
    "depth": 2,
    "metrics": {
      "mse_tr": 1.5705084800720215,
      "mse_te": 1.5108076333999634,
      "mse_sym_tr": 2.4548477407964056,
      "mse_sym_te": 2.3879520786411024,
      "r2": -2.7323737144470215,
      "train_time": 21.885077566010295,
      "prune_time": 0.03391124999325257,
      "sym_time": 62.806304921003175,
      "kan_time": 84.72529373700672,
      "depth": 2,
      "formula": "-0.386793271442607*x_2 + 0.000245211753270697*(0.972968397064694 - x_2)**2 + 0.00211286699135587*(1 - 0.634246220092136*x_2)**2 + 0.0009314114468504*(1 - 0.209284771906066*x_2)**2 + 1.8600044973159"
    },
    "formula": "-0.386793271442607*x_2 + 0.000245211753270697*(0.972968397064694 - x_2)**2 + 0.00211286699135587*(1 - 0.634246220092136*x_2)**2 + 0.0009314114468504*(1 - 0.209284771906066*x_2)**2 + 1.8600044973159",
    "kan_time": 84.72529373700672,
    "sym_time": 62.806304921003175,
    "ga_time": 2.0252969009889057,
    "total_evo_pipeline": 86.75059063799563
  },
  "ga": {
    "generations": 51,
    "best_fitness": 0.21822328865528107,
    "time_s": 2.0252969009889057,
    "mask_size": 4
  }
}