{
  "dataset": "B6.csv",
  "n_train": 2400,
  "n_test": 600,
  "baseline": {
    "depth": 2,
    "metrics": {
      "mse_tr": 1.723859429359436,
      "mse_te": 1.686461091041565,
      "mse_sym_tr": 1.598860502715754,
      "mse_sym_te": 1.5627047838131074,
      "r2": -7.849039077758789,
      "opt_time": 61.697182336996775,
      "depth": 2,
      "formula": "0.0516849160194397"
    },
    "formula": "0.0516849160194397",
    "opt_time": 61.697182336996775
  },
  "evokan": {
    "library": [
      "0"
    ],
    "depth": 2,
    "metrics": {
      "mse_tr": 1.723859429359436,
      "mse_te": 1.686461091041565,
      "mse_sym_tr": 0.20149000513823034,
      "mse_sym_te": 0.1951170021794794,
      "r2": -7.849039077758789,
      "opt_time": 14.270511331997113,
      "depth": 2,
      "formula": "1.29040956869721"
    },
    "formula": "1.29040956869721",
    "opt_time": 14.270511331997113,
    "ga_time": 27.73690244901809,
    "total_evo_pipeline": 42.0074137810152
  },
  "ga": {
    "generations": 101,
    "best_fitness": 0.0,
    "time_s": 27.73690244901809,
    "mask_size": 1
  }
}