{
  "dataset": "I_10_7.csv",
  "n_train": 4000,
  "n_test": 1000,
  "baseline": {
    "depth": 2,
    "metrics": {
      "mse_tr": 10.32211685180664,
      "mse_te": 10.496417999267578,
      "mse_sym_tr": 1.3565015625007453,
      "mse_sym_te": 1.386930881052323,
      "r2": -6.585568904876709,
      "train_time": 25.06368715199642,
      "prune_time": 0.041058602000703104,
      "sym_time": 438.53028058700147,
      "kan_time": 463.6350263409986,
      "depth": 2,
      "formula": "2.96219062071759"
    },
    "formula": "2.96219062071759",
    "total_time": 463.6350263409986,
    "sym_time": 438.53028058700147
  },
  "evokan": {
    "library": [
      "x",
      "sqrt",
      "x^0.5",
      "log"
    ],
    "depth": 2,
    "metrics": {
      "mse_tr": 10.32211685180664,
      "mse_te": 10.496417999267578,
      "mse_sym_tr": 3.3128665205143033,
      "mse_sym_te": 3.4326249250595273,
      "r2": -6.585568904876709,
      "train_time": 22.794745588995283,
      "prune_time": 0.04528179300541524,
      "sym_time": 63.98438712299685,
      "kan_time": 86.82441450499755,
      "depth": 2,
      "formula": "3.19657719130859 - 0.0785144806729502*x_2"
    },
    "formula": "3.19657719130859 - 0.0785144806729502*x_2",
    "kan_time": 86.82441450499755,
    "sym_time": 63.98438712299685,
    "ga_time": 1.6494905690051382,
    "total_evo_pipeline": 88.47390507400269
  },
  "ga": {
    "generations": 51,
    "best_fitness": 1.8383606672286987,
    "time_s": 1.6494905690051382,
    "mask_size": 4
  }
}