{
  "dataset": "I_10_7.csv",
  "n_train": 2400,
  "n_test": 600,
  "baseline": {
    "depth": 2,
    "metrics": {
      "mse_tr": 10.269695281982422,
      "mse_te": 10.662296295166016,
      "mse_sym_tr": 1.3754773982575497,
      "mse_sym_te": 1.3341490527807809,
      "r2": -7.010847091674805,
      "opt_time": 101.72394059298676,
      "depth": 2,
      "formula": "3.11099187555700"
    },
    "formula": "3.11099187555700",
    "opt_time": 101.72394059298676
  },
  "evokan": {
    "library": [
      "0",
      "x^1.5",
      "sgn",
      "arccos"
    ],
    "depth": 2,
    "metrics": {
      "mse_tr": 10.269695281982422,
      "mse_te": 10.662296295166016,
      "mse_sym_tr": 1.5528285414981577,
      "mse_sym_te": 1.5903904201927928,
      "r2": -7.010847091674805,
      "opt_time": 22.972356084006606,
      "depth": 2,
      "formula": "2.54539891309105"
    },
    "formula": "2.54539891309105",
    "opt_time": 22.972356084006606,
    "ga_time": 16.627023272012593,
    "total_evo_pipeline": 39.5993793560192
  },
  "ga": {
    "generations": 101,
    "best_fitness": 22373094.0,
    "time_s": 16.627023272012593,
    "mask_size": 4
  }
}