{
  "dataset": "I_11_19.csv",
  "n_train": 4000,
  "n_test": 1000,
  "baseline": {
    "depth": 2,
    "metrics": {
      "mse_tr": 805.0753784179688,
      "mse_te": 815.4092407226562,
      "mse_sym_tr": 403.4506554616362,
      "mse_sym_te": 412.11843959173166,
      "r2": -9.090742111206055,
      "train_time": 19.72584876899782,
      "prune_time": 0.031688389004557393,
      "sym_time": 302.48840943899995,
      "kan_time": 322.24594659700233,
      "depth": 2,
      "formula": "8.90159096196294"
    },
    "formula": "8.90159096196294",
    "total_time": 322.24594659700233,
    "sym_time": 302.48840943899995
  },
  "evokan": {
    "library": [
      "x",
      "1/x^2",
      "1/x^0.5",
      "exp"
    ],
    "depth": 2,
    "metrics": {
      "mse_tr": 805.0753784179688,
      "mse_te": 815.4092407226562,
      "mse_sym_tr": 90.44928003812495,
      "mse_sym_te": 96.54080727382708,
      "r2": -9.090742111206055,
      "train_time": 19.46502253599465,
      "prune_time": 0.03254627400019672,
      "sym_time": 29.230738148995442,
      "kan_time": 48.72830695899029,
      "depth": 2,
      "formula": "25.6321861023022 - 0.133067541714025*x_2"
    },
    "formula": "25.6321861023022 - 0.133067541714025*x_2",
    "kan_time": 48.72830695899029,
    "sym_time": 29.230738148995442,
    "ga_time": 3.3158284740056843,
    "total_evo_pipeline": 52.04413543299597
  },
  "ga": {
    "generations": 51,
    "best_fitness": 0.0658344253897667,
    "time_s": 3.3158284740056843,
    "mask_size": 4
  }
}