{
  "dataset": "I_11_19.csv",
  "n_train": 2400,
  "n_test": 600,
  "baseline": {
    "depth": 2,
    "metrics": {
      "mse_tr": 827.4841918945312,
      "mse_te": 799.1382446289062,
      "mse_sym_tr": 81.26895556243313,
      "mse_sym_te": 80.092675843492,
      "r2": -9.004829406738281,
      "opt_time": 60.46413467498496,
      "depth": 2,
      "formula": "27.2853717803955"
    },
    "formula": "27.2853717803955",
    "opt_time": 60.46413467498496
  },
  "evokan": {
    "library": [
      "0"
    ],
    "depth": 2,
    "metrics": {
      "mse_tr": 827.4841918945312,
      "mse_te": 799.1382446289062,
      "mse_sym_tr": 81.36411834694098,
      "mse_sym_te": 80.52807503131916,
      "r2": -9.004829406738281,
      "opt_time": 12.467606173973763,
      "depth": 2,
      "formula": "27.6270565688610"
    },
    "formula": "27.6270565688610",
    "opt_time": 12.467606173973763,
    "ga_time": 24.7880766550079,
    "total_evo_pipeline": 37.25568282898166
  },
  "ga": {
    "generations": 101,
    "best_fitness": 0.0,
    "time_s": 24.7880766550079,
    "mask_size": 1
  }
}