{
  "dataset": "I_12_2.csv",
  "n_train": 2400,
  "n_test": 600,
  "baseline": {
    "depth": 2,
    "metrics": {
      "mse_tr": 6.851996023563307e+20,
      "mse_te": 7.803173153362558e+20,
      "mse_sym_tr": 6.66324504517792e+20,
      "mse_sym_te": 7.604389999855117e+20,
      "r2": -0.5771578550338745,
      "opt_time": 62.66560533401207,
      "depth": 2,
      "formula": "3790615.1176979*x_2 + 551204115.6613"
    },
    "formula": "3790615.1176979*x_2 + 551204115.6613",
    "opt_time": 62.66560533401207
  },
  "evokan": {
    "library": [
      "0",
      "x"
    ],
    "depth": 2,
    "metrics": {
      "mse_tr": 6.851996023563307e+20,
      "mse_te": 7.803173153362558e+20,
      "mse_sym_tr": 6.585437742761796e+20,
      "mse_sym_te": 7.522314457442236e+20,
      "r2": -0.5771578550338745,
      "opt_time": 13.475970867002616,
      "depth": 2,
      "formula": "5385585.31850727*x_2 + 784727867.044788"
    },
    "formula": "5385585.31850727*x_2 + 784727867.044788",
    "opt_time": 13.475970867002616,
    "ga_time": 19.165418612014037,
    "total_evo_pipeline": 32.64138947901665
  },
  "ga": {
    "generations": 101,
    "best_fitness": 9362.673828125,
    "time_s": 19.165418612014037,
    "mask_size": 2
  }
}