{
  "dataset": "I_12_11.csv",
  "n_train": 2400,
  "n_test": 600,
  "baseline": {
    "depth": 2,
    "metrics": {
      "mse_tr": 815.0704956054688,
      "mse_te": 776.4053955078125,
      "mse_sym_tr": 688.4634716426146,
      "mse_sym_te": 651.792464788108,
      "r2": -0.19134032726287842,
      "opt_time": 95.41744847100927,
      "depth": 2,
      "formula": "11.4583234786987"
    },
    "formula": "11.4583234786987",
    "opt_time": 95.41744847100927
  },
  "evokan": {
    "library": [
      "0",
      "x"
    ],
    "depth": 2,
    "metrics": {
      "mse_tr": 815.0704956054688,
      "mse_te": 776.4053955078125,
      "mse_sym_tr": 835329.4419918687,
      "mse_sym_te": 820694.7425656845,
      "r2": -0.19134032726287842,
      "opt_time": 15.015660641016439,
      "depth": 2,
      "formula": "108.111293880843 - 77.768056377228*x_2"
    },
    "formula": "108.111293880843 - 77.768056377228*x_2",
    "opt_time": 15.015660641016439,
    "ga_time": 24.02631748598651,
    "total_evo_pipeline": 39.04197812700295
  },
  "ga": {
    "generations": 101,
    "best_fitness": 42868.54296875,
    "time_s": 24.02631748598651,
    "mask_size": 2
  }
}