{
  "dataset": "I_12_4.csv",
  "n_train": 2400,
  "n_test": 600,
  "baseline": {
    "depth": 2,
    "metrics": {
      "mse_tr": 7.016261653378158e+19,
      "mse_te": 6.640946437869378e+19,
      "mse_sym_tr": 4.3517650132615135e+19,
      "mse_sym_te": 4.044767325757532e+19,
      "r2": -0.7509671449661255,
      "opt_time": 64.75945070097805,
      "depth": 2,
      "formula": "5756078.36317122*x_2 + 3328737704.07498"
    },
    "formula": "5756078.36317122*x_2 + 3328737704.07498",
    "opt_time": 64.75945070097805
  },
  "evokan": {
    "library": [
      "tan"
    ],
    "depth": 2,
    "metrics": {
      "mse_tr": 7.016261653378158e+19,
      "mse_te": 6.640946437869378e+19,
      "mse_sym_tr": 1.3382560609864394e+20,
      "mse_sym_te": 3.928281341066927e+20,
      "r2": -0.7509671449661255,
      "opt_time": 13.964823009009706,
      "depth": 2,
      "formula": "4030244608.0*tan(9743.615234375*tan(3.28796351256599e-10*tan(0.00800014287233353*x_1 + 7.85247993469238) + 1.91498952517577e-6*tan(0.00800000131130219*x_2 - 0.19999985396862) + 0.0360054242992192) + 140.189605712891*tan(4.21364461544727e-7*tan(0.164000019431114*x_1 - 5.59999990463257) + 1.68051628861576e-5*tan(0.0159999951720238*x_2 + 0.799879848957062) - 0.00161781777569558) + 7.0886026151129e-6*tan(0.0497641383656884*tan(0.164000019431114*x_1 + 10.0) + 0.462746325907375*tan(0.00400000438094139*x_2 + 1.79999983310699) - 6.76600564199741) - 351.862493066808) + 2827293440.0*tan(0.0127204796299338*tan(0.000225947701796306*tan(0.00800014287233353*x_1 + 7.85247993469238) + 1.31597409923745*tan(0.00800000131130219*x_2 - 0.19999985396862) + 3.42054479884609) + 0.0134437130764127*tan(0.00452437786246751*tan(0.164000019431114*x_1 - 5.59999990463257) + 0.180444517457772*tan(0.0159999951720238*x_2 + 0.799879848957062) + 2.81989479234301) + 7.10982294549467e-6*tan(0.0497641383656884*tan(0.164000019431114*x_1 + 10.0) + 0.462746325907375*tan(0.00400000438094139*x_2 + 1.79999983310699) - 6.76752579885776) - 4.31943347011111) + 18374429184.0"
    },
    "formula": "4030244608.0*tan(9743.615234375*tan(3.28796351256599e-10*tan(0.00800014287233353*x_1 + 7.85247993469238) + 1.91498952517577e-6*tan(0.00800000131130219*x_2 - 0.19999985396862) + 0.0360054242992192) + 140.189605712891*tan(4.21364461544727e-7*tan(0.164000019431114*x_1 - 5.59999990463257) + 1.68051628861576e-5*tan(0.0159999951720238*x_2 + 0.799879848957062) - 0.00161781777569558) + 7.0886026151129e-6*tan(0.0497641383656884*tan(0.164000019431114*x_1 + 10.0) + 0.462746325907375*tan(0.00400000438094139*x_2 + 1.79999983310699) - 6.76600564199741) - 351.862493066808) + 2827293440.0*tan(0.0127204796299338*tan(0.000225947701796306*tan(0.00800014287233353*x_1 + 7.85247993469238) + 1.31597409923745*tan(0.00800000131130219*x_2 - 0.19999985396862) + 3.42054479884609) + 0.0134437130764127*tan(0.00452437786246751*tan(0.164000019431114*x_1 - 5.59999990463257) + 0.180444517457772*tan(0.0159999951720238*x_2 + 0.799879848957062) + 2.81989479234301) + 7.10982294549467e-6*tan(0.0497641383656884*tan(0.164000019431114*x_1 + 10.0) + 0.462746325907375*tan(0.00400000438094139*x_2 + 1.79999983310699) - 6.76752579885776) - 4.31943347011111) + 18374429184.0",
    "opt_time": 13.964823009009706,
    "ga_time": 15.614268770004855,
    "total_evo_pipeline": 29.57909177901456
  },
  "ga": {
    "generations": 101,
    "best_fitness": 3036315.0,
    "time_s": 15.614268770004855,
    "mask_size": 1
  }
}