{
  "dataset": "I_14_3.csv",
  "n_train": 2400,
  "n_test": 600,
  "baseline": {
    "depth": 2,
    "metrics": {
      "mse_tr": 10207.568359375,
      "mse_te": 9828.001953125,
      "mse_sym_tr": 2493.989336953652,
      "mse_sym_te": 2415.5891984584546,
      "r2": -3.0770263671875,
      "opt_time": 99.06460118401446,
      "depth": 2,
      "formula": "83.8865221142769"
    },
    "formula": "83.8865221142769",
    "opt_time": 99.06460118401446
  },
  "evokan": {
    "library": [
      "x^4"
    ],
    "depth": 2,
    "metrics": {
      "mse_tr": 10207.568359375,
      "mse_te": 9828.001953125,
      "mse_sym_tr": NaN,
      "mse_sym_te": NaN,
      "r2": -3.0770263671875,
      "opt_time": 15.828348625014769,
      "depth": 2,
      "formula": "-13.0189617803706*(0.969825937071523*(0.677731302558045*(1 - 0.0232557959415393*x_1)**4 + 0.00535837461569323*(1 - 0.173364659116363*x_2)**4 - 1)**4 + 0.00132171590973076*(0.313717354501524*(1 - 0.0664063495307482*x_2)**4 + 0.00101190086924638*(-0.763229545423564*x_1 - 1)**4 + 1)**4 - (0.00846844828319152*(-0.0399999707937241*x_1 - 1)**4 + 0.0253178546465553*(-0.0200000254512343*x_2 - 1)**4 - 1)**4 + 0.895292912489236)**4 - 0.697062691168469*((0.819722862705546*(1 - 0.0232557959415393*x_1)**4 + 0.00648100827399601*(1 - 0.173364659116363*x_2)**4 - 1)**4 + 0.0393617163162577*(-0.150942407403593*(1 - 0.0664063495307482*x_2)**4 - 0.0004868674017111*(-0.763229545423564*x_1 - 1)**4 + 1)**4 + 0.725316473305976*(-0.00920064940209623*(-0.0399999707937241*x_1 - 1)**4 - 0.0275068934031914*(-0.0200000254512343*x_2 - 1)**4 - 1)**4 - 0.673704862876224)**4 - 0.095806062587356*(0.0625075847549705*((1 - 0.0232557959415393*x_1)**4 + 0.00790634075107414*(1 - 0.173364659116363*x_2)**4 + 0.234618397125379)**4 - 0.128610168544353*(-0.0506671506433555*(1 - 0.0664063495307482*x_2)**4 - 0.000163427789513633*(-0.763229545423564*x_1 - 1)**4 - 1)**4 - 0.167959534657721*(-0.129506159683606*(-0.0399999707937241*x_1 - 1)**4 - 0.38718051017812*(-0.0200000254512343*x_2 - 1)**4 + 1)**4 - 1)**4 + 88.0825054645538"
    },
    "formula": "-13.0189617803706*(0.969825937071523*(0.677731302558045*(1 - 0.0232557959415393*x_1)**4 + 0.00535837461569323*(1 - 0.173364659116363*x_2)**4 - 1)**4 + 0.00132171590973076*(0.313717354501524*(1 - 0.0664063495307482*x_2)**4 + 0.00101190086924638*(-0.763229545423564*x_1 - 1)**4 + 1)**4 - (0.00846844828319152*(-0.0399999707937241*x_1 - 1)**4 + 0.0253178546465553*(-0.0200000254512343*x_2 - 1)**4 - 1)**4 + 0.895292912489236)**4 - 0.697062691168469*((0.819722862705546*(1 - 0.0232557959415393*x_1)**4 + 0.00648100827399601*(1 - 0.173364659116363*x_2)**4 - 1)**4 + 0.0393617163162577*(-0.150942407403593*(1 - 0.0664063495307482*x_2)**4 - 0.0004868674017111*(-0.763229545423564*x_1 - 1)**4 + 1)**4 + 0.725316473305976*(-0.00920064940209623*(-0.0399999707937241*x_1 - 1)**4 - 0.0275068934031914*(-0.0200000254512343*x_2 - 1)**4 - 1)**4 - 0.673704862876224)**4 - 0.095806062587356*(0.0625075847549705*((1 - 0.0232557959415393*x_1)**4 + 0.00790634075107414*(1 - 0.173364659116363*x_2)**4 + 0.234618397125379)**4 - 0.128610168544353*(-0.0506671506433555*(1 - 0.0664063495307482*x_2)**4 - 0.000163427789513633*(-0.763229545423564*x_1 - 1)**4 - 1)**4 - 0.167959534657721*(-0.129506159683606*(-0.0399999707937241*x_1 - 1)**4 - 0.38718051017812*(-0.0200000254512343*x_2 - 1)**4 + 1)**4 - 1)**4 + 88.0825054645538",
    "opt_time": 15.828348625014769,
    "ga_time": 15.524817472993163,
    "total_evo_pipeline": 31.353166098007932
  },
  "ga": {
    "generations": 101,
    "best_fitness": 779848.9375,
    "time_s": 15.524817472993163,
    "mask_size": 1
  }
}