{
  "dataset": "I_14_4.csv",
  "n_train": 4000,
  "n_test": 1000,
  "baseline": {
    "depth": 2,
    "metrics": {
      "mse_tr": 387.8573913574219,
      "mse_te": 437.460205078125,
      "mse_sym_tr": 387.8529265547549,
      "mse_sym_te": 437.4554690331395,
      "r2": -1.4431774616241455,
      "train_time": 21.84133219299838,
      "prune_time": 0.03175487900443841,
      "sym_time": 182.825933479995,
      "kan_time": 204.69902055199782,
      "depth": 2,
      "formula": "0.000147887258208357"
    },
    "formula": "0.000147887258208357",
    "total_time": 204.69902055199782,
    "sym_time": 182.825933479995
  },
  "evokan": {
    "library": [
      "x",
      "sqrt",
      "1/x^0.5",
      "log"
    ],
    "depth": 2,
    "metrics": {
      "mse_tr": 387.8573913574219,
      "mse_te": 437.460205078125,
      "mse_sym_tr": NaN,
      "mse_sym_te": NaN,
      "r2": -1.4431774616241455,
      "train_time": 21.877263784990646,
      "prune_time": 0.04713347899087239,
      "sym_time": 58.96519307499693,
      "kan_time": 80.88959033897845,
      "depth": 2,
      "formula": "-0.196128802726597*x_2 - 0.727770609123335*sqrt(1 - 0.0915133473730211*x_2) + 16.3360489979331 + 0.00262049595643614/sqrt(1 - 0.12455449676639*x_2)"
    },
    "formula": "-0.196128802726597*x_2 - 0.727770609123335*sqrt(1 - 0.0915133473730211*x_2) + 16.3360489979331 + 0.00262049595643614/sqrt(1 - 0.12455449676639*x_2)",
    "kan_time": 80.88959033897845,
    "sym_time": 58.96519307499693,
    "ga_time": 1.3089737779955612,
    "total_evo_pipeline": 82.19856411697401
  },
  "ga": {
    "generations": 51,
    "best_fitness": 0.3249898850917816,
    "time_s": 1.3089737779955612,
    "mask_size": 4
  }
}