{
  "dataset": "I_14_4.csv",
  "n_train": 2400,
  "n_test": 600,
  "baseline": {
    "depth": 2,
    "metrics": {
      "mse_tr": 418.1797790527344,
      "mse_te": 387.69451904296875,
      "mse_sym_tr": NaN,
      "mse_sym_te": NaN,
      "r2": -1.3352863788604736,
      "opt_time": 104.62400903101661,
      "depth": 2,
      "formula": "15.0231535321114 + 0.673540150983829/sqrt(1 - 0.120773403331814*x_2)"
    },
    "formula": "15.0231535321114 + 0.673540150983829/sqrt(1 - 0.120773403331814*x_2)",
    "opt_time": 104.62400903101661
  },
  "evokan": {
    "library": [
      "0",
      "exp"
    ],
    "depth": 2,
    "metrics": {
      "mse_tr": 418.1797790527344,
      "mse_te": 387.69451904296875,
      "mse_sym_tr": 166.54134067422913,
      "mse_sym_te": 166.92426735001317,
      "r2": -1.3352863788604736,
      "opt_time": 16.74940640499699,
      "depth": 2,
      "formula": "15.8420087099075"
    },
    "formula": "15.8420087099075",
    "opt_time": 16.74940640499699,
    "ga_time": 16.958249005983816,
    "total_evo_pipeline": 33.707655410980806
  },
  "ga": {
    "generations": 101,
    "best_fitness": 247481.0,
    "time_s": 16.958249005983816,
    "mask_size": 2
  }
}