{
  "total_dataframes": 15,
  "equations": {
    "I_12_1": {
      "formula": "F = mu * N",
      "variables": [
        "mu",
        "N"
      ],
      "total_samples": 5000,
      "target_mean": 9.061858056071788,
      "target_std": 5.020195004357732
    },
    "I_12_4": {
      "formula": "E = q/(4*pi*epsilon*r^2)",
      "variables": [
        "q",
        "r"
      ],
      "total_samples": 5000,
      "target_mean": 5335.853756901221,
      "target_std": 6276.259497427509
    },
    "I_12_5": {
      "formula": "F = q * E",
      "variables": [
        "q",
        "E"
      ],
      "total_samples": 5000,
      "target_mean": 9.025362448402378,
      "target_std": 5.111872540624848
    },
    "I_14_3": {
      "formula": "U = m*g*h",
      "variables": [
        "m",
        "h"
      ],
      "total_samples": 5000,
      "target_mean": 87.74665360635282,
      "target_std": 49.49500338265111
    },
    "I_14_4": {
      "formula": "U = 0.5*k*x^2",
      "variables": [
        "k",
        "x"
      ],
      "total_samples": 5000,
      "target_mean": 15.330271320093132,
      "target_std": 12.759048111989298
    },
    "I_8_14": {
      "formula": "d = sqrt((x2-x1)^2 + (y2-y1)^2)",
      "variables": [
        "x1",
        "x2",
        "y1",
        "y2"
      ],
      "total_samples": 5000,
      "target_mean": 2.0768128207068726,
      "target_std": 0.9781696364454334
    },
    "I_10_7": {
      "formula": "m = m0/sqrt(1-v^2/c^2)",
      "variables": [
        "m0",
        "v"
      ],
      "total_samples": 5000,
      "target_mean": 2.999294375163702,
      "target_std": 1.1668260504267718
    },
    "I_11_19": {
      "formula": "A = x1*y1 + x2*y2 + x3*y3",
      "variables": [
        "x1",
        "x2",
        "x3",
        "y1",
        "y2",
        "y3"
      ],
      "total_samples": 5000,
      "target_mean": 27.028666533942655,
      "target_std": 8.752637604967886
    },
    "I_12_2": {
      "formula": "F = q1*q2/(4*pi*epsilon*r^2)",
      "variables": [
        "q1",
        "q2",
        "r"
      ],
      "total_samples": 5000,
      "target_mean": 0.016165057733847753,
      "target_std": 0.020806182765010575
    },
    "I_12_11": {
      "formula": "F = q*(E + B*v*sin(theta))",
      "variables": [
        "q",
        "E",
        "B",
        "v",
        "theta"
      ],
      "total_samples": 5000,
      "target_mean": 11.946270203577827,
      "target_std": 45.07854060422438
    },
    "B2": {
      "formula": "k = mkG/L^2 * (1 + sqrt(1 + 2EL^2/(mk^2G)) * cos(theta1 - theta2))",
      "variables": [
        "m",
        "k_G",
        "L",
        "E",
        "theta1",
        "theta2"
      ],
      "total_samples": 5000,
      "target_mean": 1.3554596572314166,
      "target_std": 2.064778834019677
    },
    "B3": {
      "formula": "r = d*(1-alpha^2)/(1+alpha*cos(theta1-theta2))",
      "variables": [
        "d",
        "alpha",
        "theta1",
        "theta2"
      ],
      "total_samples": 5000,
      "target_mean": 1.067336187452023,
      "target_std": 0.647646168352768
    },
    "B4": {
      "formula": "v = sqrt(2/m * (E - U - L^2/(2*m*r^2)))",
      "variables": [
        "m",
        "E",
        "U",
        "L",
        "r"
      ],
      "total_samples": 5000,
      "target_mean": 2.8400863334279065,
      "target_std": 0.49003500177517045
    },
    "B5": {
      "formula": "t = 2*pi*d^(3/2)/sqrt(G*(m1+m2))",
      "variables": [
        "d",
        "m1",
        "m2"
      ],
      "total_samples": 5000,
      "target_mean": 1132287.897070639,
      "target_std": 490356.50371427316
    },
    "B6": {
      "formula": "alpha = sqrt(1 + 2*epsilon^2*E*L^2/(m*(Z1*Z2*q**2)^2))",
      "variables": [
        "epsilon",
        "E",
        "L",
        "m",
        "Z1",
        "Z2",
        "q"
      ],
      "total_samples": 5000,
      "target_mean": 1.237196520574232,
      "target_std": 0.4807192726382424
    }
  }
}